Ford Mustang, BBPDEA
Acura ILX, TN2R4L
Ford Ranger SuperCab, K0SKN8
Ford Ranger SuperCrew, CMXTWX
Ford Transit 250 Cargo Van, TGONWN
Ford Transit 350 Passenger Van, T1EO0T
Ford Transit Connect Cargo Van, SDQ61B
Ford Transit Connect Passenger Wagon, KJOEDA
Freightliner Sprinter 1500 Cargo, CYR7GU
Freightliner Sprinter 1500 Passenger, HYIVOY
Freightliner Sprinter 2500 Passenger, H1HKGS
Freightliner Sprinter 3500 Cargo, JOQ8W1
Freightliner Sprinter 3500 Crew, MWO9WT
Freightliner Sprinter 3500XD Cargo, MUNXUF
Freightliner Sprinter 4500 Crew, 8A2ETX
Genesis G70, X14X05
Genesis G80, FFTZ34
Genesis G90, AW3FTH
GMC Acadia, 6X1JSK
GMC Terrain, I8B4R6
GMC Yukon, QJ38F3
GMC Yukon XL, TFZUKN
Honda Accord, 8W81QJ
Honda Accord Hybrid, 9UHQBG
Honda Civic, UKGQAT
Honda Civic Type R, EAMISY
Honda Clarity Fuel Cell , TDFUJZ
Honda Clarity Plug-in Hybrid, 7G7XWN
Honda CR-V, L3KQUA
Honda CR-V Hybrid, TIJHKN
Honda Fit, YUNHL8
Honda HR-V, TNDQVF
Honda Insight, 79XVMZ
Honda Odyssey, Q9807F
Honda Passport, TPSAEV
Honda Pilot, 98749T
Honda Ridgeline, 01JK03
Hyundai Accent, ZSHE98
Hyundai Elantra, VKWJ7B
Hyundai Elantra GT, SRLVGE
Hyundai Ioniq Electric, I4UQS5
Hyundai Ioniq Hybrid, 931MQU
Hyundai Ioniq Plug-in Hybrid, 5SMYWS
Hyundai Kona, 6BZV4L
Hyundai Kona Electric, TABZJB
Hyundai NEXO, 37C74O
Hyundai Palisade, KJ03CB
Hyundai Santa Fe, 427KOX
Hyundai Sonata, KAOR1C
Hyundai Sonata Hybrid, Y2O7B1
Hyundai Tucson, BU6735
Hyundai Veloster, OV1DI9
Hyundai Venue, 4TXJ6W
INFINITI Q50, 1N5TXI
INFINITI Q60, 5T8VZK
INFINITI QX50, 7L2OLQ
INFINITI QX60, 4ZD61I
INFINITI QX80, 25N25M
Jaguar E-PACE, HN8QE0
Jaguar F-PACE, E056G5
Jaguar F-TYPE, 8V6QRR
Jaguar I-PACE, J3I42R
Jaguar XE, 5UWE18
Jaguar XF, VE7J76
Jeep Cherokee, KC8I4S
Jeep Compass, X5SV73
Jeep Gladiator, YW7WZ6
Jeep Grand Cherokee, CGSH61
Jeep Renegade, N9K9MS
Jeep Wrangler, PWOKL0
Jeep Wrangler Unlimited, JLIB1U
Kia Cadenza, WR9DMS
Kia Forte, LLCY4H
Kia K900, BBN9UZ
Kia Niro, XN69JM
Lexus RC, 58UB01
Kia Niro EV, D42HII
Kia Niro Plug-in Hybrid, VVCFCV
Kia Optima, U4NEC2
Kia Optima Hybrid, Y9X3LC
Kia Optima Plug-in Hybrid, QH61W1
Kia Rio, ON593M
Kia Sedona, 6KQI90
Kia Sorento, 2PKAFS
Kia Soul, 8WHEPJ
Kia Sportage, 7NWN1O
Kia Stinger, 38RVNF
Kia Telluride, YPKRJL
Land Rover Defender 110, UBEV8L
Land Rover Defender 90, 3A88Q4
Lexus RX, IYFTP2
Lexus UX, S4BANN
Lincoln Aviator, Y8U3I5
Lincoln Continental, PL7M7S
Land Rover Discovery, 2MEMIB
Acura MDX, 284ZGS
Lincoln Corsair, USC3GK
Land Rover Discovery Sport, O7HV11
Lincoln MKZ, FLRB2Q
Lincoln Nautilus, OPM2VP
Lincoln Navigator, YLR1S4
Acura MDX Sport Hybrid, UFS0OB
Land Rover Range Rover, FHFNW6
Lincoln Navigator L, 8HLNIF
Land Rover Range Rover Evoque, U14GBN
Acura NSX, RFJIUX
Land Rover Range Rover Sport, 2V0ZQA
MAZDA CX-3, CUN48C
MAZDA CX-30, 4S76D0
Land Rover Range Rover Velar, 932SVT
Acura RDX, LTYVA6
MAZDA CX-5, C29126
Lexus ES, ISNCOU
MAZDA CX-9, YGHUKX
Acura RLX, HIFQL9
MAZDA MX-5 Miata, LEG7BO
Lexus GS, QVKVKZ
Lexus GX, 7GXIBY
Acura RLX Sport Hybrid, 6751J6
Mercedes-Benz A-Class, R463GS
Lexus IS, 5QNISW
Acura TLX, LZAMU9
Lexus LC, SQFVTX
Mercedes-Benz C-Class, C6CPJ6
Mercedes-Benz CLA, 8VIV6N
Alfa Romeo 4C Spider, 6TSTRP
Mercedes-Benz CLS, YFG8K0
Alfa Romeo Giulia, D73ERN
Lexus NX, 7ODVDC
Alfa Romeo Stelvio, PD9KFN
Mercedes-Benz E-Class, JP0TM6
Audi A3, J69Q57
Mercedes-Benz G-Class, L4V8C7
Audi A4, 407XYA
Mercedes-Benz GLA, J267GF
Mercedes-Benz GLB, WRLQGN
Audi A5, WB2OZG
Mercedes-Benz GLC, MA7YXQ
Audi A6, OL7Y8A
Mercedes-Benz GLE, OGLXSF
Mercedes-Benz GLS, EAVB90
Audi A6, 0FJB27
Mercedes-Benz Mercedes-AMG A-Class, N2W4Q0
Audi A7, D7QIXK
Mercedes-Benz Mercedes-AMG C-Class, DC8QXQ
Mercedes-Benz Mercedes-AMG CLS, 0VJEZ6
Mercedes-Benz Mercedes-AMG GLC, WWTVIV
Audi Q3, 7FKSUO
Mercedes-Benz Mercedes-AMG GLC Coupe, 3N6ATK
Audi Q5, CL0TKY
Mercedes-Benz S-Class  , P804SS
Audi Q7, FEAJXS
Mercedes-Benz SLC, IVJBYX
Audi Q8, E0HITV
Mercedes-Benz Sprinter 1500 Cargo, DMAHUM
Audi R8, OTGTHU
Mercedes-Benz Sprinter 2500 Crew, VJDX1Y
Audi S4, U3OA4J
Mercedes-Benz Sprinter 2500 Passenger, 6309MB
Audi S8, GIPKXJ
MINI Clubman, N6QVCO
Audi SQ5, X0I3ZW
MINI Countryman, G2EDBI
Audi TT, T62M1W
Mitsubishi Eclipse Cross, FCUR64
BMW 2 Series, 997C1L
Mitsubishi Mirage, FOHKC7
BMW 3 Series, TT9YGL
Mitsubishi Mirage G4, VJ0GK1
BMW 4 Series, ZCCX0X
Mitsubishi Outlander, DG5YG1
BMW 5 Series, 0YYE1N
Mitsubishi Outlander PHEV, 14I8J3
BMW 7 Series, MHUBIH
Mitsubishi Outlander Sport, 6JN25I
BMW 8 Series, KHWP1U
Nissan 370Z, 4KJ8HO
BMW M2, 1GBUGS
Nissan Altima, ONR25L
BMW X1, LVF9IN
Nissan Armada, 9HYB8Q
BMW X2, 8ZVFK0
Nissan GT-R, 141CBT
BMW X3, BJ45RM
Nissan Kicks, VCG81Q
BMW X3 M, W35II9
Nissan LEAF, ZSYNWB
BMW X4, JMK4H8
Nissan Maxima, MCKLW9
BMW X5, DTMHAN
Nissan Murano, RJCWC4
BMW X6, N47Q72
Nissan NV1500 Cargo, DGOJEH
BMW X7, 2S10XD
Nissan Pathfinder, NDSQ29
BMW Z4, FRHL0K
Nissan Rogue, EXIJWS
Buick Enclave, 9FISLV
Nissan Rogue Sport, V0P6XO
Buick Encore, U7Y7IZ
Nissan Sentra, OTD7D7
Buick Encore GX, QYZX3O
Nissan Titan Crew Cab, 7FL6ZE
Buick Envision, R1B0DL
Nissan Titan King Cab, S73YIT
Buick Regal Sportback, EPA9GL
Nissan Versa, QWZIJE
Buick Regal TourX, YSGULL
Porsche 718 Boxster, EFP7M4
Cadillac CT4, 43YIZJ
Porsche 718 Cayman, D31NRX
Cadillac CT5, QWEBUP
Porsche 718 Spyder, BC4U36
Cadillac CT6, VLL5IT
Porsche 911, FUB3OV
Cadillac CT6-V, O85ORV
Porsche Cayenne, 7PMH0E
Cadillac Escalade, 37FXYB
Porsche Cayenne Coupe, HCRUSH
Cadillac Escalade ESV, NO00GB
Porsche Macan, JSR4L2
Cadillac XT4, ZG1SRT
Porsche Panamera, M9RE4X
Cadillac XT5, 2K9K1J
Porsche Taycan, 051S05
Cadillac XT6, D9HN88
Ram 1500 Classic Crew Cab, OE0VCN
Chevrolet Blazer, 2DGH4H
Ram 1500 Classic Quad Cab, YR1F1E
Chevrolet Bolt EV, D62QSC
Ram 1500 Crew Cab, K20H6C
Chevrolet Camaro, R49ILA
Ram 1500 Quad Cab, 8L81B9
Chevrolet Colorado Crew Cab, MXL1HH
Ram 2500 Crew Cab, B2DEPV
Chevrolet Colorado Extended Cab, 58WI6R
Ram 3500 Crew Cab, LJ5ZM2
Chevrolet Corvette, DJ1YUR
Ram ProMaster Cargo Van, SRD7QH
Chevrolet Equinox, PVIXEM
Ram ProMaster City, ZD77WN
Chevrolet Express 2500 Cargo, PCCCNY
Subaru Ascent, ZE1S5Z
Chevrolet Express 3500 Cargo, L6HIUB
Subaru BRZ, UHQKJF
Chevrolet Impala, 011W7G
Subaru Crosstrek, PLIHG5
Chevrolet Malibu, 9ZP6RZ
Subaru Forester, L4TOON
Chevrolet Silverado 1500 Crew Cab, LJS9O1
Subaru Impreza, 2RNDRG
Chevrolet Silverado 1500 Double Cab, OPQROO
Subaru Legacy, BECKTH
Chevrolet Sonic, BDNH18
Subaru Outback, K8DWGU
Chevrolet Spark, EBVK2Z
Subaru WRX, MCF561
Chevrolet Suburban, MEBXD2
Tesla Model 3, 5Y9VCV
Chevrolet Tahoe, UGVIXE
Tesla Model S, KADGFO
Chevrolet Traverse, FFNIRR
Tesla Model X, 9840DG
Chevrolet Trax, 3S4AXP
Tesla Model Y, D8BQPB
Chrysler 300, UXA1AC
Toyota 4Runner, ABK7E6
Chrysler Pacifica, E6PPY3
Toyota 86, OOOOS6
Chrysler Pacifica Hybrid, CLVV3T
Toyota Avalon, QOQ8BW
Chrysler Voyager, 07MNWQ
Toyota Avalon Hybrid, BAJ0JP
Dodge Challenger, C23CPT
Toyota Camry, KGSW17
Dodge Charger, O3QQX4
Toyota Camry Hybrid, FETF0S
Dodge Durango, XOVK2N
Toyota C-HR, Z52NAL
Dodge Grand Caravan Passenger, G6F9VM
Toyota Corolla, MBQVYI
Dodge Journey, GQF89H
Toyota Corolla Hatchback, 6HAS58
FIAT 124 Spider, 0KYJMC
Toyota Corolla Hybrid, CG1T02
FIAT 500L, WWXKCR
Toyota GR Supra, SWALGN
FIAT 500X, G1RUJ1
Ford EcoSport, RDK20I
Ford Edge, JI3UAK
Ford Escape, 8YRPBZ
Ford Expedition, NB03N1
Ford Expedition MAX, IEL9Q9
Ford Explorer, ILYG6Q
Ford F150 Regular Cab, PEFCZ0
Ford F150 Super Cab, WDF9TJ
Ford F150 SuperCrew Cab, 37K7FO
Ford F250 Super Duty Crew Cab, 3ZRY70
Ford Fusion, EPMIUY
Ford Fusion Plug-in Hybrid, 9RU11G
Toyota Highlander, AG63S6
Toyota Highlander Hybrid, S4QHWJ
Toyota Land Cruiser, 0MI6C7
Toyota Mirai, 1GU9QJ
Toyota Prius, ID6XKK
Toyota Prius Prime, N1HN40
Toyota RAV4, KPCH8Z
Toyota RAV4 Hybrid, 8HE4EB
Toyota Sequoia, IM7NFN
Toyota Sienna, B0SCLW
Toyota Tacoma Access Cab, WT3CMH
Toyota Tacoma Double Cab, GZ9LW4
Toyota Tundra CrewMax, KSN5H2
Toyota Tundra Double Cab, ISKL1E
Toyota Yaris, KYW2VV
Toyota Yaris Hatchback, 0BQXXB
Volkswagen Arteon, PAHAW4
Volkswagen Atlas, O3BJBR
Volkswagen Atlas Cross Sport, 6PGGA2
Volkswagen Golf, YGHKGB
Volkswagen Golf GTI, O9MSY4
Volkswagen Jetta, OZ8QTS
Volkswagen Jetta GLI, 62PD3T
Volkswagen Passat, NJ9FSA
Volkswagen Tiguan, 52LGPL
Volvo S60, 7R0LNY
Volvo S90, FFC8J9
Volvo V60, WOA19D
Volvo V90, EEXD4U
Volvo XC40, NWVNOY
Volvo XC60, 808H8L
Volvo XC90, PE9VLL
